Class,Skill Name,Skill ID,JP Cost,Range,AoE,Target,Vertical Tolerance,CT,MP,Element,Evade Type,Reflectable?,Formula,Counter?,Counter Magic?,Counter Flood?,Mimic?,Move,Jump,Atk Up?,MAtk Up?,Martial Arts?,Two Hands?,Two Swords?,Protect?,Shell?
Squire,Defy Pain,8000,50,0,,Self,,,,,,,If Near Fatal: Heal 300 HP ELSE miss,,,,,,,,,,,,,
Squire,Throw Stone,4000,100,4,,Any,,,,,,,Dmg_(PA) 100% Knockback,,,,,,,Yes,,Yes,,,Yes,
Squire,Heal,2000,150,1,,Any,2,,,,,,"Cure: Sundown, Frog, Poison, Fatigue, Weaken",,,,,,,,,,,,,
Squire,Wish,1000,200,1,,Any,3,,,,,,Revive 1% Hit_(PA+70)% Hit reduces 5% per use,,,,,,,Yes,,Yes,,,,
Squire,Cheer Up,800,200,3,,Any,3,,,,,,Add: Regen HealMP(MA*5/2),,,,,,,,Yes,,,,,
Squire,Wild Swing,200,100,0,1,Any,1,,,,Phys,,Dmg_((PA+2)/2*PA),Yes,,Yes,,,,Yes,,,,,Yes,
Squire,Target,400,200,Weapon,,Any,,,,,,,Dmg_(Weapon with -2 WP),Yes,,Yes,,,,Yes,,If barehanded,,Yes,Yes,
Squire,Warn,100,100,0,2,Self,3,,,,,,Add: Protect/Shell with 4 clocktick duration and Defend Hit_(100)%,,,,,,,,,,,,,
Squire,Yell,80,400,0,2,Self,3,,,,,,Add: Haste + Overload Hit_(100)%,,,,,,,,,,,,,
Squire,R:Weapon Guard,01BF,0,,,,,,,,,,Activate weapon evasion %,,,,,,,,,,,,,
Squire,R:Counter Throw,01B4,180,,,,,,,,,,Counter PA-based skills and knock back,,,,,,,Yes,,Yes,,,Yes,
Squire,S:Equip Axe,01CC,150,,,,,,,,,,Can equip axe regardless of job,,,,,,,,,,,,,
Squire,S:Move+1,01E6,200,,,,,,,,,,Add 1 to your move,,,,,1,,,,,,,,
Squire,S:Jump+1,1E9,200,,,,,,,,,,Add 1 to your jump,,,,,,1,,,,,,,
Chemist,Potion,8000,200,1,,Any,,,,,,,"Recover 90 HP, costs no item",,,,,,,,,,,,,
Chemist,Mega Potion,4000,400,1,,Any,,,,,,,Recover 180 HP,,,,,,,,,,,,,
Chemist,Ether,2000,100,1,,Any,,,,,,,"Recover 20 MP, costs no item",,,,,,,,,,,,,
Chemist,Hi-Ether,1000,200,1,,Any,,,,,,,Recover 50 MP,,,,,,,,,,,,,
Chemist,Ambrosia,800,1000,1,,Any,,,,,,,Recover 180 HP 50 MP,,,,,,,,,,,,,
Chemist,Mint Tea,400,100,1,,Any,,,,,,,"Cure: Sundown, Berserk, Overload",,,,,,,,,,,,,
Chemist,Stimulant,200,100,1,,Any,,,,,,,"Cure: Slow, Fatigue, Weaken",,,,,,,,,,,,,
Chemist,Borrowed Time,100,200,1,,Any,,,,,,,"Cure: Undead, Death Sentence, Petrify",,,,,,,,,,,,,
Chemist,Cleanse,80,100,1,,Any,,,,,,,"Cure: Poison, Frog, Discord",,,,,,,,,,,,,
Chemist,Ibuprofen,40,50,1,,Any,,,,,,,"Cure: Don't Move, Don't Act",,,,,,,,,,,,,
Chemist,Clarity,20,100,1,,Any,,,,,,,"Cure: Charm, Confuse",,,,,,,,,,,,,
Chemist,Phoenix Down,10,0,1,,Any,,,,,,,Revive 1-19 HP,,,,,,,,,,,,,
Chemist,R:Auto Potion,1B9,600,,,,,,,,,,Heal 90 on HP damage,,,,,,,,,,,,,
Chemist,S:Throw Item,1DA,250,,,,,,,,,,Item ability range increased to 4 (CLASS INNATE),,,,,,,,,,,,,
Chemist,S:Maintenance,1DB,200,,,,,,,,,,Protects gear from Break/Steal,,,,,,,,,,,,,
Chemist,S:Sicken,1E0,350,,,,,,,,,,Attacks add: poison 100% of the time,,,,,,,,,,,,,
Chemist,CLASS INNATE: Chemist,,,,,,,,,,,,Start with double the max item slots,,,,,,,,,,,,,
Knight,Power Ruin,8000,200,3,,Any,,,,,,,-3 PA Hit_(PA+70)%,Yes,Yes,Yes,,,,Yes,,If barehanded,Yes,,Yes,
Knight,Mind Ruin,4000,200,3,,Any,,,,,,,-3 MA Hit_(PA+70)%,Yes,Yes,Yes,,,,Yes,,If barehanded,Yes,,Yes,
Knight,Speed Ruin,2000,200,3,,Any,,,,,,,Add: Slow Hit_(PA+70)%,Yes,Yes,Yes,,,,Yes,,,,,,
Knight,Magic Ruin,1000,100,3,,Any,,,,,,,DmgMP_(50% max) Hit_(PA+70)%,Yes,Yes,Yes,,,,Yes,,If barehanded,Yes,,Yes,
Knight,Inspire,800,800,0,2,Any,,,,,,,Add: Haste Hit_(100)%,,,,,,,,,,,,,
Knight,Hellcry Punch,200,600,3,,Any,,,35,,,,Dmg_(PA*WP/2) Break Weapon ELSE miss (20% break failure rate) Requires Sword,Yes,,Yes,,,,Yes,,If barehanded,Yes,,Yes,
Knight,Blastar Punch,400,200,3,,Any,,,35,,,,Dmg_(PA*WP/2) Break Helm ELSE miss (20% break failure rate) Requires Sword,Yes,,Yes,,,,Yes,,If barehanded,Yes,,Yes,
Knight,Shellbust Stab,80,400,3,,Any,,,35,,,,Dmg_(PA*WP/2) Break Armor ELSE miss (20% break failure rate) Requires Sword,Yes,,Yes,,,,Yes,,If barehanded,Yes,,Yes,
Knight,Icewolf Bite,100,200,3,,Any,,,35,,,,Dmg_(PA*WP/2) Break Accessory ELSE miss (20% break failure rate) Requires Sword,Yes,,Yes,,,,Yes,,If barehanded,Yes,,Yes,
Knight,R:Counter,1BA,300,,,,,,,,,,Counter with attack command if in range,,,,,,,Yes,,If barehanded,Yes,Yes,Yes,
Knight,E:Equip Armor,1C6,400,,,,,,,,,,Can equip heavy armor or helmets regardless of class,,,,,,,,,,,,,
Knight,E:Equip Shield,1C7,200,,,,,,,,,,Can equip shield regardless of job,,,,,,,,,,,,,
Knight,S:Equip Sword,1C8,350,,,,,,,,,,Can equip sword and knight sword regardless of job,,,,,,,,,,,,,
Archer,Timed Strike,8000,100,Weapon,,,,4,,,,,Dmg_(PA*(WP+4)),Yes,,Yes,,,,Yes,,If barehanded,Yes,Yes,Yes,
Archer,Stunning Strike,4000,100,Weapon,,,,,,,,,"Cancel: Charging, Performing Hit_(Speed+75)% on hit: +25 CT(self)",Yes,,Yes,,,,Yes,,If barehanded,Yes,Yes,Yes,
Archer,Cursed Strike,2000,200,Weapon,,,,,,,,,"Add: Poison, Discord, Sundown Hit_(Speed+80)%",Yes,,Yes,,,,Yes,,If barehanded,Yes,Yes,Yes,
Archer,Mocking Strike,1000,250,Weapon,,,,,,,Mag,,Brave -20 Hit_(MA+75)%,Yes,,Yes,,,,,Yes,If barehanded,,Yes,,Yes
Archer,Piercing Strike,800,400,Weapon,,,,2,,,Phys,,Cancel: Protect/Shell Dmg_(Weapon),Yes,,Yes,,,,Yes,,If barehanded,Yes,Yes,Yes,
Archer,Temporal Strike,400,400,Weapon,,,,,,,Mag,,Cancel: Haste Dmg_(66% max HP) Hit_F(MA+250)% Fails if target not hasted,Yes,,Yes,,,,,Yes,If barehanded,,Yes,,Yes
Archer,Strixfeather Arrow,200,400,Weapon,,,,,,,Phys,,Cancel: Reraise Dmg_((PA+2)*(WP+2)) Fails if target not reraised,Yes,,Yes,,,,Yes,,If barehanded,Yes,Yes,Yes,
Archer,R:CT Save,1A8,500,,,,,,,,,,Increase CT by 20 upon taking damage,,,,,,,,,,,,,
Archer,R:Arrow Guard,1C4,200,,,,,,,,,,Raise evasion vs Arrows and Bullets by Brave%,,,,,,,,,,,,,
Archer,E:Concentrate,1D5,350,,,,,,,,,,Physical attacks and skills ignore evasion (THIEF INNATE),,,,,,,,,,,,,
Archer,E:Jump+2,1EA,500,,,,,,,,,,Add 2 to your jump,,,,,,2,,,,,,,
Archer,S:Equip Bows,1CA,200,,,,,,,,,,Can equip bow or crossbow regardless of job,,,,,,,,,,,,,
Archer,S:Sniper,1D0,1000,,,,,,,,,,+33% XA when using a bow weapon range attack (not crossbows) and not berserked,,,,,,,,,,,,,
Monk,Spin Fist,8000,150,0,2,Any,,,,,Phys,,Dmg_((PA)/2*PA),Yes,,Yes,,,,Yes,,Yes,,,Yes,
Monk,Repeating Fist,4000,250,1,,Any,0,,,,,,Dmg_((PA-2)/2*PA) 20% Add: Weaken,Yes,,Yes,,,,Yes,,Yes,,,Yes,
Monk,Wave Fist,2000,250,3,,Any,3,,,,Phys,,Dmg_((PA-2)/2*PA) 20% Add: Sundown,Yes,,Yes,,,,Yes,,Yes,,,Yes,
Monk,Earth Slash,1000,500,5,Linear,Any,2,,,Earth,Phys,,Dmg_((PA+1)/2*PA) 20% Add: Fatigue,Yes,,Yes,,,,Yes,,Yes,,,Yes,
Monk,Secret Fist,800,300,1,,Any,0,,,,Phys,,Add: Death Sentence Hit_(MA+70)%,Yes,,Yes,,,,Yes,,Yes,,,Yes,
Monk,Disharmony,400,400,1,,Any,,,,,,,Add: Discord Hit_(100)%,Yes,,Yes,,,,,,,,,,
Monk,Stigma Magic,200,100,0,1,Any,,,,,,,Cancel: All negative status Hit_(100)%,,,,,,,Yes,,Yes,,,,
Monk,Chakra,100,300,0,1,Any,,,,,,,Heal HP PA*5 Heal MP PA,,,,,,,Yes,,Yes,,,,
Monk,Revive,80,420,1,,Dead,0,,,,,,Revive 20% Hit_(PA+70)% Hit reduces 5% per use,,,,,,,Yes,,Yes,,,,
Monk,R:HP Restore,1AF,400,,,,,,,,,,Heal to full when put into critical,,,,,,,,,,,,,
Monk,R:Hamedo,1C5,250,,,,,,,,,,Cancel incoming weapon range attack with your own,,,,,,,Yes,,Yes,Yes,Yes,Yes,
Monk,E:Martial Arts,1D8,600,,,,,,,,,,33% bonus PA to PA-based nonweapon skills and fist attacks (CLASS INNATE),,,,,,,,,,,,,
Monk,S:Move-HP Up,1ED,270,,,,,,,,,,Recover HP as you move,,,,,,,,,,,,,
Monk,S:Guts,1D6,400,,,,,,,,,,30% chance to survive lethal damage at 1 hp (reduces incoming damage),,,,,,,,,,,,,
Priest,Cure,8000,50,4,1,Any,1,2,,Holy,,Yes,Heal_F(MA*20),,,,,,,,Yes,,,,,
Priest,Holy Strike,4000,100,Weapon,,Any,,,12,Holy,Mag,,Dmg_(MA*WP) 20% Add: Confuse,Yes,Yes,Yes,,,,,Yes,,,Yes,,Yes
Priest,Rejuvenate,2000,220,4,2,Any,2,4,24,Holy,,Yes,Heal_F(MA*35),,,,,,,,Yes,,,,,
Priest,Flash Heal,1000,300,4,,Any,,,60,Holy,,Yes,Heal_F(MA*50),,,,,,,,Yes,,,,,
Priest,Life,800,150,4,,Any,,,50,,,Yes,Revive 50% Hit_F(MA+255)%,,,,,,,,Yes,,,,,
Priest,Full Life,400,400,4,,Any,,4,50,,,Yes,Revive 100% Hit_F(MA+190)%,,,,,,,,Yes,,,,,
Priest,Reraise,200,400,3,,Any,,2,32,,,Yes,Add: Reraise Hit_F(MA+140)%,,,,,,,,Yes,,,,,
Priest,Regen,100,250,3,1,Any,2,1,16,,,Yes,Heal_F(MA*10) 100% Add: Regen,,,,,,,,Yes,,,,,
Priest,Protect,80,70,3,3,Any,1,,15,,,Yes,Add: Protect Hit_F(MA+240)%,,,,,,,,Yes,,,,,
Priest,Shell,40,70,3,3,Any,1,,15,,,Yes,Add: Shell Hit_F(MA+240)%,,,,,,,,Yes,,,,,
Priest,Wall,20,200,3,2,Any,,,50,,,Yes,Add: Protect+Shell Hit_F(MA+240)%,,,,,,,,Yes,,,,,
Priest,Esuna,10,280,3,1,Any,2,3,28,,,Yes,Cancel: All negative status and add: Sturdy Hit_F(MA+250)%,,,,,,,,Yes,,,,,
Priest,Holy,8,200,5,,Any,,3,20,Holy,Mag,Yes,Dmg_F(MA*23),,Yes,Yes,,,,,Yes,,,,,Yes
Priest,R:Regenerator,1AC,350,,,,,,,,,,Add: Regen on HP damage,,,,,,,,,,,,,
Priest,S:Magic DefendUP,1D4,350,,,,,,,,,,Reduce magic damage received by 33%,,,,,,,,,,,,,
Priest,CLASS INNATE: Priest,,,,,,,,,,,,Is immune to damage while charging spells,,,,,,,,,,,,,
Wizard,Explosion,8000,50,5,,Any,,2,,Fire,Mag,Yes,Dmg_F(MA*19),,Yes,Yes,,,,,Yes,,,,,Yes
Wizard,Chain Lightning,4000,150,7,Linear,Any,,,16,Lightning,Mag,Yes,Dmg_F(MA*20),,Yes,Yes,,,,,Yes,,,,,Yes
Wizard,Cyclone,2000,200,5,4,Any,2,4,12,Wind,Mag,Yes,Dmg_F(MA*24) 20% Add: Float,,Yes,Yes,,,,,Yes,,,,,Yes
Wizard,Mjollnir,1000,280,5,,Any,,3,20,Lightning,Mag,Yes,Dmg_F(MA*28) 20% Add: Weaken,,Yes,Yes,,,,,Yes,,,,,Yes
Wizard,Blizzard,800,400,4,2,Any,3,4,28,Ice,Mag,Yes,Dmg_F(MA*32) 20% Add: Slow,,Yes,Yes,,,,,Yes,,,,,Yes
Wizard,Comet,400,200,4,3,Any,2,6,38,Fire,Mag,Yes,Dmg_F(MA*36),,Yes,Yes,,,,,Yes,,,,,Yes
Wizard,Meltdown,200,280,0,2,Any,2,,32,,,Yes,Dmg_(Missing HP) Add: Dead to self,,Yes,Yes,No,,,,,,,,,
Wizard,Frog,100,300,4,,Any,,4,20,,Mag,Yes,Add: Frog Hit_F(MA+140)%,,Yes,Yes,,,,,Yes,,,,,Yes
Wizard,Dark Holy,80,600,5,,Any,,5,46,,Mag,Yes,Dmg_F(MA*40),,Yes,Yes,,,,,Yes,,,,,Yes
Wizard,Flame Lance,40,400,5,,Any,,,60,Fire,Mag,Yes,Dmg_F(MA*35),,Yes,Yes,,,,,Yes,,,,,Yes
Wizard,R:Counter Magic,1B3,400,,,,,,,,,,Cast the same spell just used on yourself,,,,,,,,,,,,,
Wizard,E:Magic AttackUP,1D3,600,,,,,,,,,,Increases magic damage by 25%,,,,,,,,,,,,,
Wizard,CLASS INNATE: Wizard,,,,,,,,,,,,Has Guts while charging spells,,,,,,,,,,,,,
Time Mage,Haste,8000,80,3,1,Any,,1,,,,Yes,Add: Haste Hit_F(MA+180)%,,,,,,,,Yes,,,,,
Time Mage,Haste 2,4000,500,3,2,Any,2,,40,,,Yes,Add: Haste Hit_F(MA+240)%,,,,,,,,Yes,,,,,
Time Mage,Slow,2000,80,3,1,Any,,2,,,Mag,Yes,Add: Slow Hit_F(MA+180)%,,Yes,Yes,,,,,Yes,,,,,Yes
Time Mage,Slow 2,1000,500,3,2,Any,2,4,25,,Mag,Yes,Add: Slow Hit_F(MA+240)%,,Yes,Yes,,,,,Yes,,,,,Yes
Time Mage,Overload,800,300,3,1,Any,1,,30,,Mag,Yes,Add: Overload Hit_F(MA+150)%,,Yes,Yes,,,,,Yes,,,,,Yes
Time Mage,Don't Move,400,80,3,1,Any,1,2,20,,Mag,Yes,Add: Don't Move Hit_F(MA+190)%,,Yes,Yes,,,,,Yes,,,,,Yes
Time Mage,Reflect,100,250,4,,Any,,1,24,,,Yes,Add: Reflect Hit_F(MA+180)%,,,,,,,,Yes,,,,,
Time Mage,Quick,80,800,4,,Any non-self,,,24,,,Yes,Set CT to 100 Hit_F(MA+110)%,,,,,,,,Yes,,,,,
Time Mage,Demi,40,200,4,1,Any,1,2,8,,Mag,Yes,Dmg_(25% Max HP) Hit_F(MA+225)%,,Yes,Yes,,,,,Yes,,,,,Yes
Time Mage,Demi 2,20,450,4,1,Any,1,3,12,,Mag,Yes,Dmg_(50% Max HP) Hit_F(MA+200)%,,Yes,Yes,,,,,Yes,,,,,Yes
Time Mage,Gravity,10,300,4,2,Any,,,20,,Mag,Yes,Dmg_(33% Max HP) Hit_F(MA+200)%,,Yes,Yes,,,,,Yes,,,,,Yes
Time Mage,R:Critical Quick,1B1,700,,,,,,,,,,Set CT to 100 on becoming critical,,,,,,,,,,,,,
Time Mage,E:Short Charge,1E2,1000,,,,,,,,,,Spell Charge Time cut by 50%,,,,,,,,,,,,,
Time Mage,S:Teleport,1F2,500,,,,,,,,,,"Move Anywhere, ignoring height and obstacles. 10% chance to fail per space beyond your move",,,,,,,,,,,,,
Time Mage,S:Float,1FA,0,,,,,,,,,,"Float 1H above ground, ignoring effects of terrain (float makes you immune to earth element)",,,,,,,,,,,,,
Time Mage,CLASS INNATE: Time Mage,,,,,,,,,,,,Inflicts slow on attackers while charging spells,,,,,,,,,,,,,
Summoner,Ifrit,1000,180,4,2,Enemies,2,4,,Fire,Mag,,Dmg_F(MA*24),,Yes,Yes,No,,,,Yes,,,,,Yes
Summoner,Shiva,4000,180,4,2,Enemies,2,4,24,Ice,Mag,,Dmg_F(MA*33),,Yes,Yes,No,,,,Yes,,,,,Yes
Summoner,Ramuh,2000,180,4,2,Enemies,2,4,24,Lightning,Mag,,Dmg_F(MA*33),,Yes,Yes,No,,,,Yes,,,,,Yes
Summoner,Moogle,8000,80,4,2,Allies,2,4,20,,Mag,,Heal_F(MA*30),,,,No,,,,Yes,,,,,
Summoner,Fairy,800,200,4,1,Allies,2,4,30,,,,Revive 33% Hit_F(MA+180)%,,,,No,,,,Yes,,,,,
Summoner,Silf,400,200,4,2,Enemies,2,4,24,Wind,Mag,,Dmg_F(MA*33) 20% Add: Float,,Yes,Yes,No,,,,Yes,,,,,Yes
Summoner,Carbunkle,200,350,4,2,Allies,2,3,20,,,,Add: Reflect+Defend Hit_F(MA+255)%,,,,No,,,,Yes,,,,,
Summoner,Titan,100,200,4,2,Enemies,2,5,30,Earth,Mag,,Dmg_F(MA*42),,Yes,Yes,No,,,,Yes,,,,,Yes
Summoner,Odin,80,200,4,2,Enemies,2,5,30,,Mag,,Dmg_F(MA*42),,Yes,Yes,No,,,,Yes,,,,,Yes
Summoner,Salamander,40,200,4,2,Enemies,2,5,30,Fire,Mag,,Dmg_F(MA*42),,Yes,Yes,No,,,,Yes,,,,,Yes
Summoner,Lich,20,200,4,2,Enemies,2,5,30,,Mag,,Dmg_F(MA*27) 20% Add: Dead,,Yes,Yes,No,,,,Yes,,,,,Yes
Summoner,Leviathan,10,500,4,3,Enemies,3,6,40,Water,Mag,,Dmg_F(MA*45),,Yes,Yes,No,,,,Yes,,,,,Yes
Summoner,Bahamut,8,500,4,3,Enemies,3,6,40,,Mag,,Dmg_F(MA*45),,Yes,Yes,No,,,,Yes,,,,,Yes
Summoner,Cyclops,4,600,4,2,Enemies,2,6,50,,Mag,,Dmg_F(MA*52),,Yes,Yes,No,,,,Yes,,,,,Yes
Summoner,Zodiac,2,1000,4,3,Enemies,3,8,60,,Mag,,"Dmg_F(MA*45), always good compat",,Yes,Yes,No,,,,Yes,,,,,Yes
Summoner,R:MP Restore,1B0,400,,,,,,,,,,Restore all MP on becoming critical,,,,,,,,,,,,,
Summoner,E:Half of MP,1CE,750,,,,,,,,,,MP Costs reduced by 50%,,,,,,,,,,,,,
Summoner,CLASS INNATE: Summoner,,,,,,,,,,,,Inflicts damage = 9*MA to attackers while charging spells,,,,,,,,,,,,,
Engineer,Arm Aim,8000,200,Weapon,,Any,,,,,,,Add: Don't Act Hit_(SP+60)%,,,,,,,,,,,Yes,,
Engineer,Leg Aim,4000,200,Weapon,,Any,,,,,,,Add: Don't Move Hit_(SP+60)%,,,,,,,,,,,Yes,,
Engineer,Seal Evil,2000,300,Weapon,,Undead,,,,,,,Add: Petrify Hit_(SP+50)%,,,,,,,Yes,,If barehanded,Yes,Yes,Yes,
Engineer,Headshot,1000,500,Weapon,,Any,,4,,,,,Add: Dead Hit_(SP+30)%,,,,,,,,,,,Yes,,
Engineer,Head Break,800,100,Weapon,,Any,,,,,Phys,,Break Hit_(3*PA+WP+55)% WeaponStrike if nothing in slot to break,,,,,,,Yes,,If barehanded,Yes,Yes,Yes,
Engineer,Armor Break,400,300,Weapon,,Any,,,,,Phys,,Break Hit_(3*PA+WP+50)% WeaponStrike if nothing in slot to break,,,,,,,Yes,,If barehanded,Yes,Yes,Yes,
Engineer,Shield Break,200,100,Weapon,,Any,,,,,Phys,,Break Hit_(3*PA+WP+65)% WeaponStrike if nothing in slot to break,,,,,,,Yes,,If barehanded,Yes,Yes,Yes,
Engineer,Weapon Break,100,350,Weapon,,Any,,,,,Phys,,Break Hit_(3*PA+WP+40)% WeaponStrike if nothing in slot to break,,,,,,,Yes,,If barehanded,Yes,Yes,Yes,
Engineer,Force Field,80,600,0,2,Any,,,,,,,"Add: Protect and Shell Hit_(100)% costs 2 items, once per battle",,,,,,,,,,,,,
Engineer,E: Deadshot,1E1,500,,,,,,,,,,Basic attacks always critical hit,,,,,,,,,,,,,
Engineer,S: Equip Gun,1CD,300,,,,,,,,,,Can equip gun regardless of job,,,,,,,,,,,,,
Thief,Gil Toss,8000,100,3,,Any,3,,,,,,Add: Don't Act or Berserk Hit_(PA+60)%,Yes,,Yes,,,,Yes,,Yes,,,,
Thief,Steal Energy,4000,100,1,,Any,,,,,,,Leech 50% target max_MP Hit_(SP+50),,,Yes,,,,,,,,,,
Thief,Steal Heart,2000,200,3,,Any,3,,,,,,Add: Charm Hit_(MA+40)%,,,,,,,,,,,,,
Thief,Steal Strength,1000,300,1,,Any,,,,,,,"Target -1 PA, Self +1 PA Hit_(SP+60)%",,,Yes,,,,Yes,,If barehanded,,,Yes,
Thief,Steal Alacrity,800,400,1,,Any,,,,,,,"Target -1 SP, Self +1 SP Hit_(SP+40)%",,,Yes,,,,Yes,,If barehanded,,,Yes,
Thief,Vital Strike,400,300,Weapon,,Any,,,,,Phys,,Dmg_(SP*WP) 50% critical hit rate,Yes,,Yes,,,,Yes,,If barehanded,Yes,Yes,Yes,
Thief,Deadly Poison,200,100,Weapon,,Any,3,,,,Phys,,Dmg_(Weapon with +2 WP) 100% Add: Poison; costs nonthief 1 item per swing,Yes,,Yes,,,,Yes,,If barehanded,Yes,Yes,Yes,
Thief,Draining Poison,100,250,Weapon,,Any,3,,,,Phys,,Dmg_(Weapon with +2 WP) 50% Add: Weaken; costs nonthief 1 item per swing,Yes,,Yes,,,,Yes,,If barehanded,Yes,Yes,Yes,
Thief,Nightshade,80,300,Weapon,,Any,3,,,,Phys,,Dmg_(Weapon with +2 WP) Cancel: Reraise; costs nonthief 1 item per swing,Yes,,Yes,,,,Yes,,If barehanded,Yes,Yes,Yes,
Thief,Mosfungus,40,400,Weapon,,Any,3,,,,Phys,,Dmg_(Weapon with +2 WP) 25% Add: Sundown; costs nonthief 1 item per swing,Yes,,Yes,,,,Yes,,If barehanded,Yes,Yes,Yes,
Thief,Disarm,20,500,1,,Any,2,,,,Phys,,Steal Weapon Hit_(SP+60)%,,,Yes,,,,Yes,,Yes,,,Yes,
Thief,R:Caution,1AA,150,,,,,,,,,,Add: Defend until next turn (-25% damage) on taking damage,,,,,,,,,,,,,
Thief,R:Catch,1C2,200,,,,,,,,,,Catch thrown weapons,,,,,,,,,,,,,
Thief,E:Secret Hunt,1D7,500,,,,,,,,,,Finishing off a unit with a Basic Attack removes it from the battle entirely,,,,,,,,,,,,,
Thief,S:Move+2,1E7,420,,,,,,,,,,Add 2 to your move,,,,,2,,,,,,,,
Mediator,Invitation,8000,300,3,,Any,3,,,,,,Add: Confusion or Charm Hit_(3*MA+27)% (TEMPORARILY REMOVED),,,,,,,,,,,,,
Mediator,Persuade,4000,100,3,,Any,3,,,,,,Add: Weaken Hit_(3*MA+27)%,,,,,,,,,,,,,
Mediator,Threaten,1000,100,3,,Any,3,,,,,,Add: Don't Act Hit_(3*MA+22)%,,,,,,,,,,,,,
Mediator,Preach,800,200,3,,Any,3,,,,,,Add: Reraise Hit_(3*MA+2)%,,,,,,,,,,,,,
Mediator,Refute,400,200,3,,Any,3,,,,,,Cancel: All status Hit_(3*MA+32)%,,,,,,,,,,,,,
Mediator,Death Sentence,200,200,3,,Any,3,,,,,,Add: Death Sentence Hit_(3*MA+27)%,,,,,,,,,,,,,
Mediator,Insult,100,300,3,,Any,3,,,,,,Add: Berserk Hit_(3*MA+47)%,,,,,,,,,,,,,
Mediator,Mimic Daravon,80,300,3,1,Any,3,,,,,,Add: Fatigue Hit_(3*MA+22)%,,,,,,,,,,,,,
Mediator,Scare,40,300,3,,Any,3,,,,,,Add: Sundown Hit_(3*MA+42)%,,,,,,,,,,,,,
Mediator,Halt,20,300,3,,Any,3,,,,,,Add: Don't Move Hit_(3*MA+32)%,,,,,,,,,,,,,
Mediator,Pep Talk,10,300,3,1,Any,3,,,,,,Add: Protect/Shell Hit_(100)%,,,,,,,,,,,,,
Mediator,Harangue,8,300,3,1,Any,3,,,,,,Add: Haste Hit_(100)%,,,,,,,,,,,,,
Mediator,R:Finger Guard,1C0,250,,,,,,,,,,Evade Talk Skills Brave%,,,,,,,,,,,,,
Mediator,S:Monster Talk,1D9,100,,,,,,,,,,Talk Skills can affect monsters (CLASS INNATE),,,,,,,,,,,,,
Oracle,Discord,4000,80,4,,Any,,,12,,,Yes,Add: Discord Hit_F(MA+250)%,,Yes,Yes,,,,,Yes,,,,,Yes
Oracle,Spell Absorb,2000,100,4,,Any,,2,2,,Mag,Yes,Leech 33% target max MP Hit_F(MA+255)%,,Yes,Yes,,,,,Yes,,,,,Yes
Oracle,Pray Faith,1000,150,4,,Any,,,16,,Mag,Yes,Add: Faith Hit_F(3*MA+122)%,,Yes,Yes,,,,,Yes,,,,,Yes
Oracle,Doubt Faith,800,150,4,,Any,,,16,,Mag,Yes,Add: Innocent Hit_F(3*MA+122)%,,Yes,Yes,,,,,Yes,,,,,Yes
Oracle,Zombie,400,200,4,,Any,,3,24,,Mag,Yes,Add: Zombie Hit_F(3*MA+152)%,,Yes,Yes,,,,,Yes,,,,,Yes
Oracle,Silence Song,200,170,4,1,Any,1,,40,,Mag,Yes,Add: Stealth Hit_F(3*MA+152)%,,Yes,Yes,,,,,Yes,,,,,Yes
Oracle,Blind Rage,100,200,4,,Any,,3,24,,Mag,Yes,Add: Berserk Hit_F(3*MA+122)%,,Yes,Yes,,,,,Yes,,,,,Yes
Oracle,Petrify,80,300,4,,Any,,5,30,,Mag,Yes,Add: Petrify Hit_F(3*MA+102)%,,Yes,Yes,,,,,Yes,,,,,Yes
Oracle,Confusion Song,40,200,4,,Any,,3,24,,Mag,Yes,Add: Confusion Hit_F(3*MA+122)%,,Yes,Yes,,,,,Yes,,,,,Yes
Oracle,Dispel Magic,20,250,4,,Any,,2,40,,,,Cancel: All positive status Hit_F(MA+200)%,,Yes,Yes,,,,,Yes,,,,,Yes
Oracle,Paralyze,10,200,4,1,Any,,4,40,,Mag,Yes,Add: Don't Act Hit_F(3*MA+167)%,,Yes,Yes,,,,,Yes,,,,,Yes
Oracle,Sundown,8,300,4,1,Any,1,4,,,Mag,Yes,Add: Sundown Hit_F(3*MA+142)%,,Yes,Yes,,,,,Yes,,,,,Yes
Oracle,Weaken,4,300,4,1,Any,,4,24,,Mag,Yes,Add: Weaken Hit_F(3*MA+157)%,,Yes,Yes,,,,,Yes,,,,,Yes
Oracle,Fatigue,2,400,4,,Any,,5,24,,Mag,Yes,Add: Fatigue Hit_F(3*MA+132)%,,Yes,Yes,,,,,Yes,,,,,Yes
Oracle,Supercharge,1,200,4,,Any,,,20,,,Yes,Add: Overload Hit_F(3*MA+172)%,,,,,,,,Yes,,,,,
Oracle,R:Barrier,1AD,700,,,,,,,,,,Add Protect and Shell on Physical attack or skill,,,,,,,,,,,,,
Oracle,R:Absorb Used MP,1B6,200,,,,,,,,,,Gain MP equal to the cost of a spell or skill used on you,,,,,,,,,,,,,
Oracle,E:Defense UP,1D2,350,,,,,,,,,,Reduce physical damage by 33%,,,,,,,,,,,,,
Oracle,CLASS INNATE: Oracle,,,,,,,,,,,,Has Defense UP while charging spells,,,,,,,,,,,,,
Geomancer,Pitfall,8000,50,4,1,Any,,,,Earth,,,Dmg_(((PA+2)/2)*MA) 20% Don't Move,,Yes,Yes,,,,,Yes,,,,,Yes
Geomancer,Waterball,4000,50,4,1,Any,,,,Water,,,Dmg_(((PA+2)/2)*MA) 20% Frog,,Yes,Yes,,,,,Yes,,,,,Yes
Geomancer,Hell Ivy,2000,50,4,1,Any,,,,Dark,,,Dmg_(((PA+2)/2)*MA) 20% Slow,,Yes,Yes,,,,,Yes,,,,,Yes
Geomancer,Carve Model,1000,50,4,1,Any,,,,Dark,,,Dmg_(((PA+2)/2)*MA) 20% Fatigue,,Yes,Yes,,,,,Yes,,,,,Yes
Geomancer,Local Quake,800,50,4,1,Any,,,,Earth,,,Dmg_(((PA+2)/2)*MA) 20% Sundown,,Yes,Yes,,,,,Yes,,,,,Yes
Geomancer,Kamaitachi,400,50,4,1,Any,,,,Wind,,,Dmg_(((PA+2)/2)*MA) 20% Poison,,Yes,Yes,,,,,Yes,,,,,Yes
Geomancer,Demon Fire,200,50,4,1,Any,,,,Fire,,,Dmg_(((PA+2)/2)*MA) 20% Berserk,,Yes,Yes,,,,,Yes,,,,,Yes
Geomancer,Quicksand,100,50,4,1,Any,,,,Earth,,,Dmg_(((PA+2)/2)*MA) 20% Death Sentence,,Yes,Yes,,,,,Yes,,,,,Yes
Geomancer,Sand Storm,80,50,4,1,Any,,,,Wind,,,Dmg_(((PA+2)/2)*MA) 20% Discord,,Yes,Yes,,,,,Yes,,,,,Yes
Geomancer,Snowstorm,40,50,4,1,Any,,,,Ice,,,Dmg_(((PA+2)/2)*MA) 20% Don't Act,,Yes,Yes,,,,,Yes,,,,,Yes
Geomancer,Gusty Wind,20,50,4,1,Any,,,,Wind,,,Dmg_(((PA+2)/2)*MA) 20% Weaken,,Yes,Yes,,,,,Yes,,,,,Yes
Geomancer,Lava Ball,10,50,4,1,Any,,,,Fire,,,Dmg_(((PA+7)/2)*MA) 20% Sundown,,Yes,Yes,,,,,Yes,,,,,Yes
Geomancer,R:Counter Flood,1B5,600,,,,,,,,,,"Counter with Geomancy, regardless of if skill is learned",,,,,,,,,,,,,
Geomancer,E:Lucky,1DF,1500,,,,,,,,,,Doubles all proc rates,,,,,,,,,,,,,
Geomancer,S:Move on Lava,1F8,150,,,,,,,,,,Able to walk on lava panels (CLASS INNATE),,,,,,,,,,,,,
Lancer,Range 4,8000,50,4,,Any,,RU(50/Speed),,,,,Dmg_(PA*WP). If using Spear: Dmg_((PA*Jmp/3)*WP) instead,Yes,,Yes,,,,,,,,,Yes,
Lancer,Range 5,4000,200,5,,Any,,RU(50/Speed),,,,,Dmg_(PA*WP). If using Spear: Dmg_((PA*Jmp/3)*WP) instead,Yes,,Yes,,,,,,,,,Yes,
Lancer,Range 6,2000,500,6,,Any,,RU(50/Speed),,,,,Dmg_(PA*WP). If using Spear: Dmg_((PA*Jmp/3)*WP) instead,Yes,,Yes,,,,,,,,,Yes,
Lancer,Vertical 5,1000,50,,,Any,5,RU(50/Speed),,,,,Dmg_(PA*WP). If using Spear: Dmg_((PA*Jmp/3)*WP) instead,Yes,,Yes,,,,,,,,,Yes,
Lancer,Vertical 7,800,200,,,Any,7,RU(50/Speed),,,,,Dmg_(PA*WP). If using Spear: Dmg_((PA*Jmp/3)*WP) instead,Yes,,Yes,,,,,,,,,Yes,
Lancer,Infinite Vertical,400,500,,,Any,255,RU(50/Speed),,,,,Dmg_(PA*WP). If using Spear: Dmg_((PA*Jmp/3)*WP) instead,Yes,,Yes,,,,,,,,,Yes,
Lancer,R:Dragon Spirit,1AB,500,,,,,,,,,,Add: Reraise on hit from a Physical attack,,,,,,,,,,,,,
Lancer,E:Jump+3,1EB,900,,,,,,,,,,Add 3 to your jump,,,,,,3,,,,,,,
Lancer,E:Attack UP,1D1,600,,,,,,,,,,Increase physical damage by 33%,,,,,,,,,,,,,
Lancer,S:Equip Spear,1CB,350,,,,,,,,,,Can equip spear regardless of job,,,,,,,,,,,,,
Lancer,S:Ignore Height,1EC,500,,,,,,,,,,"Jump to any panel, regardless of height value",,,,,,,,,,,,,
Samurai,Asura,8000,250,0,2,Any,2,,,Fire,,,Dmg_(MA*8) DmgSelf_(MA*3) self damage ignores modifiers,,Yes,Yes,,,,,Yes,,,,,Yes
Samurai,Koutetsu,4000,250,0,2,Any,2,,,Dark,,,Dmg_(MA*8) DmgSelf_(MA*3) self damage ignores modifiers,,Yes,Yes,,,,,Yes,,,,,Yes
Samurai,Bizen Boat,2000,200,0,2,Any,2,,,,,,Dmg_MP(MA*12) DmgSelf_(MA*3) self damage ignores modifiers,,Yes,Yes,,,,,Yes,,,,,Yes
Samurai,Murasame,1000,300,0,2,Any,2,,,,,,"HealHP_(MA*10) DmgSelf_(MA*3) does not heal self, self damage ignores modifiers",,,,,,,,,,,,,
Samurai,Heaven's Cloud,800,250,0,2,Any,2,,,Water,,,Dmg_(MA*8) DmgSelf_(MA*3) self damage ignores modifiers,,Yes,Yes,,,,,Yes,,,,,Yes
Samurai,Kiyomori,400,100,0,2,Any,2,,,,,,"Add: Protect and Shell Hit_(100)% always breaks, one per battle",,,,,,,,,,,,,
Samurai,Muramasa,200,500,0,2,Any,2,,,,,,Dmg_(MA*9) 20% Add: Death Sentence or Confuse DmgSelf_(MA*3) self damage ignores mods,,Yes,Yes,,,,,Yes,,,,,Yes
Samurai,Kikuichimonji,100,200,5,2,Any,2,,,,,,Dmg_(MA*9) Linear DmgSelf_(MA*3) self damage ignores modifiers,,Yes,Yes,,,,,Yes,,,,,Yes
Samurai,Masamune,80,800,0,1,Any,2,,,,,,Add: Haste AND Regen Hit_(100)% Always breaks,,,,,,,,Yes,,,,,Yes
Samurai,Chirijiraden,40,600,0,2,Any,3,,,,,,Dmg_(MA*17) also hits self,,Yes,Yes,,,,,Yes,,,,,Yes
Samurai,R:Meatbone Slash,1B2,200,,,,,,,,,,Deal your max HP in unevadable melee damage when put into critical,,,,,,,,,,,,,
Samurai,E:Two Hands,1DC,600,,,,,,,,,,"Hold weapon in both hands, increasing damage(XA) by 50% (CLASS INNATE)",,,,,,,,,,,,,
Samurai,S:Equip Katana,1C9,350,,,,,,,,,,Can equip katana regardless of job,,,,,,,,,,,,,
Ninja,Shuriken,8000,100,Move,,Any,,,,,Phys,,Dmg_(Speed * thrown weapon WP),Yes,,Yes,,,,,,,,,Yes,
Ninja,Ball,4000,100,Move,,Any,,,,,Phys,,Dmg_(Speed * thrown weapon WP),Yes,,Yes,,,,,,,,,Yes,
Ninja,R:Sunken State,1A9,200,,,,,,,,,,Add: Transparent on damage,,,,,,,,,,,,,
Ninja,E:Abandon,1C1,800,,,,,,,,,,Doubles all evasion attributes,,,,,,,,,,,,,
Ninja,E:Two Swords,1DD,900,,,,,,,,,,Can equip one weapon in each hand,,,,,,,,,,,,,
Ninja,S:Move+3,1E8,900,,,,,,,,,,Add 3 to your move,,,,,3,,,,,,,,
Sage,Zombie 2,8000,300,4,2,Any,2,4,30,,Mag,,Add: Zombie Hit_F(MA+200)%,,Yes,Yes,No,,,,Yes,,,,,Yes
Sage,Sleep 2,4000,300,4,2,Any,2,6,20,,Mag,,Add: Fatigue Hit_F(MA+160)%,,Yes,Yes,No,,,,Yes,,,,,Yes
Sage,Confuse 2,2000,300,4,2,Any,2,4,30,,Mag,,Add: Confusion Hit_F(MA+125)%,,Yes,Yes,No,,,,Yes,,,,,Yes
Sage,Frog 2,1000,400,4,2,Any,2,6,30,,Mag,,Add: Frog Hit_F(MA+110)%,,Yes,Yes,No,,,,Yes,,,,,Yes
Sage,Gravi 2,800,600,4,2,Any,2,6,30,,Mag,,Dmg_(66% Max HP) Hit_F(MA+175)%,,Yes,Yes,No,,,,Yes,,,,,Yes
Sage,Flare 2,400,600,4,2,Any,3,6,70,,,,Dmg_F(MA*44),,Yes,Yes,No,,,,Yes,,,,,Yes
Sage,Dispel 2,200,100,4,2,Any,3,4,,,,,Cancel: All positive status Hit_F(MA+200)%,,Yes,Yes,,,,,Yes,,,,,Yes
Sage,Esuna 2,100,200,4,2,Any,2,3,,,,,Cancel: All negative status and add: Sturdy Hit_F(MA+200)%,,,,,,,,Yes,,,,,
Sage,Supercharge 2,80,300,4,2,Any,3,3,20,,,,Add: Overload Hit_F(MA+255)%,,,,,,,,Yes,,,,,
Sage,Mbarrier,40,500,4,,Any,3,4,40,,,,Add: Reraise+Haste+Shell+Protect+Regen Hit_F(MA+125)%,,,,,,,,Yes,,,,,
Sage,R:Distribute,1BC,150,,,,,,,,,,Excess healing from others to this split among non-full team members,,,,,,,,,,,,,
Sage,R:Damage Split,1BE,800,,,,,,,,,,Return 50% of damage received and heal the same amount,,,,,,,,,,,,,
Sage,CLASS INNATE: Sage,,,,,,,,,,,,Regenerates CT while charging spells,,,,,,,,,,,,,
Bard,Angel Song,8000,100,ALL,ALL,Allies,ALL,4,,,,,Heal_(MA+30) MP,,,,,,,,,,,,,
Bard,Life Song,4000,100,ALL,ALL,Allies,ALL,4,,,,,Heal_(MA+40) HP,,,,,,,,,,,,,
Bard,Battle Song,1000,100,ALL,ALL,Allies,ALL,5,,,,,Add: 1 PA Hit_(60)%,,,,,,,,,,,,,
Bard,Magic Song,800,100,ALL,ALL,Allies,ALL,5,,,,,Add: 1 MA Hit_(60)%,,,,,,,,,,,,,
Bard,Encouraging Song,400,100,ALL,ALL,Allies,ALL,6,,,,,Add: Stealth or Regen or Haste with no duration Hit_(80)%,,,,,,,,,,,,,
Bard,Vigilant Song,200,100,ALL,ALL,Allies,ALL,6,,,,,Add: Protect or Shell or Reraise with no duration Hit_(80)%,,,,,,,,,,,,,
Bard,Last Song,100,100,ALL,ALL,Allies,ALL,8,,,,,Set CT to 100 Hit_(45)%,,,,,,,,,,,,,
Bard,R:MA Save,1A7,550,,,,,,,,,,Gain 1 MA on HP Damage,,,,,,,,,,,,,
Bard,E:Move-MP Up,1EE,350,,,,,,,,,,Recover MP as you move,,,,,,,,,,,,,
Bard,S:Fly,1FB,600,,,,,,,,,,"Fly over units, obstacles, and ignore height when moving",,,,,,,,,,,,,
Dancer,Witch Hunt,8000,100,ALL,ALL,Enemies,ALL,4,,,,,DmgMP_(PA+10),,,,,,,,,,,,,
Dancer,Wiznaibus,4000,100,ALL,ALL,Enemies,ALL,4,,,,,DmgHP_(PA+20) Does not trigger reactions,,,,,,,,,,,,,
Dancer,Polka Polka,1000,100,ALL,ALL,Enemies,ALL,5,,,,,-1 PA Hit_(60)%,,,,,,,,,,,,,
Dancer,Disillusion,800,100,ALL,ALL,Enemies,ALL,5,,,,,-1 MA Hit_(60)%,,,,,,,,,,,,,
Dancer,Nameless Dance,400,100,ALL,ALL,Enemies,ALL,6,,,,,Add: Don't Move or Confusion or Poison or Slow Hit_(60)%,,,,,,,,,,,,,
Dancer,Enervating Dance,200,100,ALL,ALL,Enemies,ALL,7,,,,,Add: Weaken or Fatigue or Sundown or Don't Act Hit_(60)%,,,,,,,,,,,,,
Dancer,Terrifying Dance,100,100,ALL,ALL,Enemies,ALL,6,,,,,-7 Brave Hit_(40)%,,,,,,,,,,,,,
Dancer,R:PA Save,1A6,550,,,,,,,,,,Gain 1 PA on HP Damage,,,,,,,,,,,,,
Dancer,R:MP Switch,1BD,350,,,,,,,,,,Take all damage from an attack to your MP instead of HP if you have more than 0 MP,,,,,,,,,,,,,
Dancer,S:Fly,1FB,600,,,,,,,,,,"Fly over units, obstacles, and ignore height when moving",,,,,,,,,,,,,
Spellblade,Stasis Sword,8000,400,2,1,Any,,,12,,Phys,,Dmg_((PA-2)*(WP+2)) 20% Add: Don't Act Requires Sword,,,Yes,,,,Yes,,If barehanded,Yes,,Yes,
Spellblade,Split Punch,4000,500,3,,Any,2,,,,Phys,,Dmg_((PA-2)*(WP+2)) 20% Add: Death Sentence Requires Sword,,,Yes,,,,Yes,,If barehanded,Yes,,Yes,
Spellblade,Crush Punch,2000,600,3,,Any,1,,20,,,,Dmg_((PA-2)*(WP+2)) 20% Add: Dead Requires Sword,,,Yes,,,,Yes,,If barehanded,Yes,,Yes,
Spellblade,Lightning Stab,1000,400,2,1,Any,3,,12,,Phys,,Dmg_((PA-2)*(WP+2)) 20% Add:Weaken Requires Sword,,,Yes,,,,Yes,,If barehanded,Yes,,Yes,
Spellblade,Ignition Slash,800,500,3,,Any,3,,12,,Phys,,Dmg_((PA-2)*(WP+2)) 20% Add: Sundown Requires Sword,,,Yes,,,,Yes,,If barehanded,Yes,,Yes,
Spellblade,Night Sword,400,1000,3,,Any,,,26,,Phys,,AbsorbHP_((PA-2)*(WP+2)) Requires Sword,,,Yes,,,,Yes,,If barehanded,Yes,,Yes,
Spellblade,Dark Sword,200,1500,3,,Any,,,17,,Phys,,AbsorbMP_((PA-2)*(WP+2))/4 Requires Sword,,,Yes,,,,Yes,,If barehanded,Yes,,Yes,
Spellblade,Disrupt,100,300,Weapon,,Any,,,,,,,Add: Discord Hit_(100)%,,,,,,,,,,,Yes,,
Spellblade,Imbue,80,100,3,2,Any,3,,25,,,,Adds each positive status you currently have to others (Haste/Protect/Shell/Regen/Reraise),,,,,,,,,,,,,
Spellblade,E: Lionheart,1B7,200,,,,,,,,,,Your Brave is considered 100 for the purposes of formulas (but not reactions),,,,,,,,,,,,,
Paladin,Consecrate,8000,300,0,2,Enemies,3,,,Holy,,,Dmg_P(PA*18),,,Yes,,,,Yes,,,,,Yes,
Paladin,Holy Explosion,4000,800,5,Linear,Any,2,,20,,Phys,,Dmg_((PA-2)*(WP+2)) Requires Sword,,,Yes,,,,Yes,,If barehanded,Yes,,Yes,
Paladin,Shine,2000,400,2,2,Any,,,,Holy,Phys,,Dmg_((Faith/2)*5) 20% Add: Sundown,,,Yes,,,,,,,,,Yes,
Paladin,Judgment,1000,300,3,,Any,,,,Holy,Phys,,Dmg_P(PA*30),,,Yes,,,,,,,,,Yes,
Paladin,Purify,800,100,3,,Allies,,,,Holy,,,Cancel: Negative Effects Hit_(100)%,,,,,,,,,,,,,
Paladin,Sanctuary,400,200,1,2,Allies,,,,Holy,,,Add: Protect and Shell Hit_(100)%,,,,,,,,,,,,,
Paladin,Devotion,200,500,1,,Allies,,,10,Holy,,,"Add: Reraise, Regen, and Stealth Hit_F(PA+100)",,,,,,,,,,,,,
Paladin,Redemption,100,500,1,,Allies,,,20,Holy,,,Cancel: Dead (25% HP) Hit_(Faith)% ignores zodiac,,,,,,,,,,,,,
Paladin,R:Pray,1AE,800,,,,,,,,,,Faith +5 on HP Damage,,,,,,,,,,,,,
Paladin,S:Piety,1F7,300,,,,,,,,,,Use Faith instead of Brave for reaction % (ignores Faith and Innocent status) (CLASS INNATE),,,,,,,,,,,,,
